gvkey,fyear,conm,Symbol,CIK,ap,at,capx,cogs,epsfx,gp,invt,ni,rect,sale,calc_gvkey,calc_fyear,calc_ap,calc_at,calc_capx,calc_cogs,calc_epsfx,calc_gp,calc_invt,calc_ni,calc_rect,calc_sale,_merge
1209,2019,AIR PRODUCTS & CHEMICALS INC,APD,2969.0,528.2,18942.8,1989.7,4892.7,7.94,4026.2,388.3,1760.0,1415.4,8918.9,,,,,,,,,,,,,both
1209,2022,AIR PRODUCTS & CHEMICALS INC,APD,2969.0,1120.7,27192.6,2926.5,8000.3,10.08,4698.3,514.2,2256.1,1941.2,12698.6,0.00%,0.15%,112.17%,43.55%,47.08%,63.52%,26.95%,16.69%,32.42%,28.19%,37.15%,42.38%,both
1327,2019,SKYWORKS SOLUTIONS INC,SWKS,4127.0,190.5,4839.6,398.4,1353.0,4.89,2023.8,609.7,853.6,465.3,3376.8,,,,,,,,,,,,,both
1327,2022,SKYWORKS SOLUTIONS INC,SWKS,4127.0,274.2,8873.8,489.4,2290.0,7.81,3195.5,1212.1,1275.2,1094.0,5485.5,0.00%,0.15%,43.94%,83.36%,22.84%,69.25%,59.71%,57.90%,98.80%,49.39%,135.12%,62.45%,both
1632,2019,ANALOG DEVICES INC,ADI,6281.0,225.27,21392.641,275.372,1595.105,3.65,4395.96,609.886,1363.011,635.136,5991.065,,,,,,,,,,,,,both
1632,2022,ANALOG DEVICES INC,ADI,6281.0,582.16,50302.35,699.308,2925.156,5.25,9088.797,1399.914,2748.561,1800.462,12013.953,0.00%,0.15%,158.43%,135.14%,153.95%,83.38%,43.84%,106.75%,129.54%,101.65%,183.48%,100.53%,both
1690,2019,APPLE INC,AAPL,320193.0,46236.0,338516.0,10495.0,150482.0,11.89,109692.0,4106.0,55256.0,45804.0,260174.0,,,,,,,,,,,,,both
1690,2022,APPLE INC,AAPL,320193.0,64115.0,352755.0,10708.0,214846.0,6.11,179482.0,4946.0,99803.0,60932.0,394328.0,0.00%,0.15%,38.67%,4.21%,2.03%,42.77%,-48.61%,63.62%,20.46%,80.62%,33.03%,51.56%,both
1704,2019,APPLIED MATERIALS INC,AMAT,6951.0,958.0,19024.0,441.0,7859.0,2.86,6749.0,3474.0,2706.0,2641.0,14608.0,,,,,,,,,,,,,both
1704,2022,APPLIED MATERIALS INC,AMAT,6951.0,1755.0,26726.0,787.0,13361.0,7.44,12424.0,5932.0,6525.0,6241.0,25785.0,0.00%,0.15%,83.19%,40.49%,78.46%,70.01%,160.14%,84.09%,70.75%,141.13%,136.31%,76.51%,both
1878,2019,AUTODESK INC,ADSK,769397.0,83.7,6179.3,53.2,238.6,0.96,3035.7,0.0,214.5,652.3,3274.3,,,,,,,,,,,,,both
1878,2022,AUTODESK INC,ADSK,769397.0,102.0,9438.0,40.0,372.0,3.78,4633.0,0.0,823.0,961.0,5005.0,0.00%,0.15%,21.86%,52.74%,-24.81%,55.91%,293.75%,52.62%,nan%,283.68%,47.32%,52.86%,both
2111,2019,BECTON DICKINSON & CO,BDX,10795.0,1092.0,51765.0,957.0,6872.0,3.94,10418.0,2579.0,1233.0,2346.0,17290.0,,,,,,,,,,,,,both
2111,2022,BECTON DICKINSON & CO,BDX,10795.0,1699.0,52934.0,973.0,8162.0,5.38,10708.0,3224.0,1779.0,2191.0,18870.0,0.00%,0.15%,55.59%,2.26%,1.67%,18.77%,36.55%,2.78%,25.01%,44.28%,-6.61%,9.14%,both
2184,2019,BEST BUY CO INC,BBY,764478.0,5288.0,15591.0,743.0,32850.0,5.75,10788.0,5174.0,1541.0,1149.0,43638.0,,,,,,,,,,,,,both
2184,2022,BEST BUY CO INC,BBY,764478.0,5687.0,15803.0,930.0,35554.0,6.29,10744.0,5140.0,1419.0,1141.0,46298.0,0.00%,0.15%,7.55%,1.36%,25.17%,8.23%,9.39%,-0.41%,-0.66%,-7.92%,-0.70%,6.10%,both
2285,2019,BOEING CO,BA,12927.0,15553.0,133625.0,1834.0,69840.0,-1.12,14978.0,76622.0,-636.0,12471.0,84818.0,,,,,,,,,,,,,both
2285,2022,BOEING CO,BA,12927.0,10200.0,137100.0,1222.0,59688.0,-8.3,6920.0,78151.0,-4935.0,11305.0,66608.0,0.00%,0.15%,-34.42%,2.60%,-33.37%,-14.54%,641.07%,-53.80%,2.00%,675.94%,-9.35%,-21.47%,both
2435,2019,BROWN FORMAN CORP,BF.B,14693.0,131.0,5766.0,119.0,1162.0,1.72,2201.0,1685.0,827.0,570.0,3363.0,,,,,,,,,,,,,both
2435,2022,BROWN FORMAN CORP,BF.B,14693.0,,,,,,,,,,,,,,,,,,,,,,,left_only
2663,2019,CAMPBELL SOUP CO,CPB,16732.0,814.0,13148.0,384.0,5081.0,1.57,3026.0,863.0,211.0,574.0,8107.0,,,,,,,,,,,,,both
2663,2022,CAMPBELL SOUP CO,CPB,16732.0,1334.0,11892.0,242.0,5634.0,2.51,2928.0,1246.0,757.0,541.0,8562.0,0.00%,0.15%,63.88%,-9.55%,-36.98%,10.88%,59.87%,-3.24%,44.38%,258.77%,-5.75%,5.61%,both
2710,2019,CONSTELLATION BRANDS,STZ,16918.0,557.6,27323.2,726.5,3743.5,-0.06,4600.0,1373.6,-11.8,1215.2,8343.5,,,,,,,,,,,,,both
2710,2022,CONSTELLATION BRANDS,STZ,16918.0,941.5,24662.3,1035.4,4295.5,-0.37,5157.1,1898.7,-71.0,901.6,9452.6,0.00%,0.15%,68.85%,-9.74%,42.52%,14.75%,516.67%,12.11%,38.23%,501.69%,-25.81%,13.29%,both
2751,2019,CARDINAL HEALTH INC,CAH,721371.0,21535.0,40963.0,328.0,138260.0,4.53,7274.0,12822.0,1363.0,8460.0,145534.0,,,,,,,,,,,,,both
2751,2022,CARDINAL HEALTH INC,CAH,721371.0,27128.0,43878.0,387.0,174407.0,-3.35,6957.0,15636.0,-933.0,10573.0,181364.0,0.00%,0.15%,25.97%,7.12%,17.99%,26.14%,-173.95%,-4.36%,21.95%,-168.45%,24.98%,24.62%,both
3121,2019,CLOROX CO/DE,CLX,21076.0,507.0,5116.0,206.0,3323.0,6.32,2891.0,512.0,820.0,631.0,6214.0,,,,,,,,,,,,,both
3121,2022,CLOROX CO/DE,CLX,21076.0,960.0,6158.0,251.0,4369.0,3.73,2738.0,755.0,462.0,681.0,7107.0,0.00%,0.15%,89.35%,20.37%,21.84%,31.48%,-40.98%,-5.29%,47.46%,-43.66%,7.92%,14.37%,both
3336,2019,DXC TECHNOLOGY CO,DXC,1688568.0,1598.0,26006.0,350.0,14901.0,-20.76,4676.0,0.0,-5369.0,4392.0,19577.0,,,,,,,,,,,,,both
3336,2022,DXC TECHNOLOGY CO,DXC,1688568.0,,,,,,,,,,,,,,,,,,,,,,,left_only
3362,2019,CONAGRA BRANDS INC,CAG,23217.0,1525.6,22304.0,369.5,7562.7,1.72,3491.7,1377.9,840.1,860.8,11054.4,,,,,,,,,,,,,both
3362,2022,CONAGRA BRANDS INC,CAG,23217.0,,,,,,,,,,,,,,,,,,,,,,,left_only
3504,2019,COOPER COS INC (THE),COO,711404.0,150.1,6274.5,292.1,733.4,9.33,1920.0,506.9,466.7,435.3,2653.4,,,,,,,,,,,,,both
3504,2022,COOPER COS INC (THE),COO,711404.0,248.8,11492.3,242.0,953.7,7.76,2354.7,628.7,385.8,557.8,3308.4,0.00%,0.15%,65.76%,83.16%,-17.15%,30.04%,-16.83%,22.64%,24.03%,-17.33%,28.14%,24.69%,both
3813,2019,TARGET CORP,TGT,27419.0,9920.0,42779.0,3027.0,54617.0,6.34,23495.0,8992.0,3281.0,962.0,78112.0,,,,,,,,,,,,,both
3813,2022,TARGET CORP,TGT,27419.0,13487.0,53335.0,5528.0,81914.0,5.98,27206.0,13499.0,2780.0,1695.0,109120.0,0.00%,0.15%,35.96%,24.68%,82.62%,49.98%,-5.68%,15.79%,50.12%,-15.27%,76.20%,39.70%,both
3835,2019,DEERE & CO,DE,315189.0,2160.0,73011.0,3449.0,26413.0,10.15,12845.0,5975.0,3253.0,40295.0,39258.0,,,,,,,,,,,,,both
3835,2022,DEERE & CO,DE,315189.0,3894.0,90030.0,3788.0,34755.0,23.28,17424.0,8495.0,7131.0,50763.0,52179.0,0.00%,0.15%,80.28%,23.31%,9.83%,31.58%,129.36%,35.65%,42.18%,119.21%,25.98%,32.91%,both
3980,2019,DISNEY (WALT) CO,DIS,1744489.0,13778.0,193984.0,4876.0,42018.0,6.27,27552.0,6246.0,11054.0,15481.0,69570.0,,,,,,,,,,,,,both
3980,2022,DISNEY (WALT) CO,DIS,1744489.0,15554.0,203631.0,4943.0,54401.0,1.75,29344.0,3632.0,3145.0,12652.0,83745.0,0.00%,0.15%,12.89%,4.97%,1.37%,29.47%,-72.09%,6.50%,-41.85%,-71.55%,-18.27%,20.38%,both
4321,2019,EMERSON ELECTRIC CO,EMR,32604.0,1874.0,20497.0,594.0,9973.0,3.71,8399.0,1880.0,2306.0,3441.0,18372.0,,,,,,,,,,,,,both
4321,2022,EMERSON ELECTRIC CO,EMR,32604.0,2028.0,35672.0,531.0,10700.0,5.41,8929.0,2191.0,3231.0,3979.0,19629.0,0.00%,0.15%,8.22%,74.04%,-10.61%,7.29%,45.82%,6.31%,16.54%,40.11%,15.63%,6.84%,both
4598,2019,FEDEX CORP,FDX,1048911.0,3269.0,73537.0,5868.0,52258.0,4.9,16959.0,572.0,1286.0,10665.0,69217.0,,,,,,,,,,,,,both
4598,2022,FEDEX CORP,FDX,1048911.0,,,,,,,,,,,,,,,,,,,,,,,left_only
5071,2019,GENERAL MILLS INC,GIS,40704.0,3247.7,30806.7,460.8,10855.4,3.56,6771.2,1426.3,2181.2,1770.9,17626.6,,,,,,,,,,,,,both
5071,2022,GENERAL MILLS INC,GIS,40704.0,,,,,,,,,,,,,,,,,,,,,,,left_only
5606,2019,HP INC,HPQ,47217.0,14793.0,33467.0,671.0,46963.0,2.07,11793.0,5734.0,3152.0,8939.0,58756.0,,,,,,,,,,,,,both
5606,2022,HP INC,HPQ,47217.0,15284.0,38587.0,791.0,50106.0,3.05,12877.0,7595.0,3203.0,6891.0,62983.0,0.00%,0.15%,3.32%,15.30%,17.88%,6.69%,47.34%,9.19%,32.46%,1.62%,-22.91%,7.19%,both
5680,2019,HOME DEPOT INC,HD,354950.0,7787.0,51236.0,2678.0,72419.0,10.25,37806.0,14531.0,11242.0,2106.0,110225.0,,,,,,,,,,,,,both
5680,2022,HOME DEPOT INC,HD,354950.0,11443.0,76445.0,3119.0,104324.0,16.69,53079.0,24886.0,17105.0,3317.0,157403.0,0.00%,0.15%,46.95%,49.20%,16.47%,44.06%,62.83%,40.40%,71.26%,52.15%,57.50%,42.80%,both
5709,2019,HORMEL FOODS CORP,HRL,48465.0,590.033,8109.004,293.838,7447.901,1.8,2049.416,1042.362,978.806,594.32,9497.317,,,,,,,,,,,,,both
5709,2022,HORMEL FOODS CORP,HRL,48465.0,816.604,13306.919,278.919,10061.82,1.82,2396.986,1716.059,999.987,874.77,12458.806,0.00%,0.15%,38.40%,64.10%,-5.08%,35.10%,1.11%,16.96%,64.63%,2.16%,47.19%,31.18%,both
6216,2019,JACOBS SOLUTIONS INC,J,52988.0,1072.645,11462.711,135.977,10086.602,2.09,2651.266,,847.184,2840.209,12737.868,,,,,,,,,,,,,both
6216,2022,JACOBS SOLUTIONS INC,J,52988.0,966.792,14660.419,127.615,11293.096,4.98,3629.729,,644.039,3405.381,14922.825,0.00%,0.15%,-9.87%,27.90%,-6.15%,11.96%,138.28%,36.91%,nan%,-23.98%,19.90%,17.15%,both
6304,2019,KLA CORP,KLAC,319201.0,202.416,9008.516,130.498,1744.39,7.49,2824.514,1262.5,1175.617,1084.128,4568.904,,,,,,,,,,,,,both
6304,2022,KLA CORP,KLAC,319201.0,443.338,12597.088,307.32,3325.484,21.92,5886.399,2146.889,3321.807,1926.624,9211.883,0.00%,0.15%,119.02%,39.84%,135.50%,90.64%,192.66%,108.40%,70.05%,182.56%,77.71%,101.62%,both
6565,2019,LAM RESEARCH CORP,LRCX,707549.0,376.561,12001.333,303.491,5032.13,13.7,4621.429,1540.14,2191.43,1455.522,9653.559,,,,,,,,,,,,,both
6565,2022,LAM RESEARCH CORP,LRCX,707549.0,1011.208,17195.632,546.034,9076.209,32.75,8150.83,3966.294,4605.286,4313.818,17227.039,0.00%,0.15%,168.54%,43.28%,79.92%,80.37%,139.05%,76.37%,157.53%,110.15%,196.38%,78.45%,both
6774,2019,LOCKHEED MARTIN CORP,LMT,936468.0,1281.0,47528.0,1484.0,50196.0,21.95,9616.0,3619.0,6230.0,11431.0,59812.0,,,,,,,,,,,,,both
6774,2022,LOCKHEED MARTIN CORP,LMT,936468.0,2117.0,52880.0,1670.0,56193.0,21.66,9791.0,3088.0,5732.0,14823.0,65984.0,0.00%,0.15%,65.26%,11.26%,12.53%,11.95%,-1.32%,1.82%,-14.67%,-7.99%,29.67%,10.32%,both
7146,2019,MCCORMICK & CO INC,MKC,63754.0,846.9,10362.1,173.7,3054.5,5.24,2292.9,801.2,704.6,502.9,5347.4,,,,,,,,,,,,,both
7146,2022,MCCORMICK & CO INC,MKC,63754.0,1171.0,13124.9,262.0,3875.4,2.55,2475.1,1340.1,688.2,573.7,6350.5,0.00%,0.15%,38.27%,26.66%,50.83%,26.88%,-51.34%,7.95%,67.26%,-2.33%,14.08%,18.76%,both
7171,2019,MCKESSON CORP,MCK,927653.0,37195.0,61247.0,362.0,218710.0,4.99,12341.0,16734.0,900.0,19950.0,231051.0,,,,,,,,,,,,,both
7171,2022,MCKESSON CORP,MCK,927653.0,,,,,,,,,,,,,,,,,,,,,,,left_only
7228,2019,MEDTRONIC PLC,MDT,1613103.0,1996.0,90689.0,1213.0,8337.0,3.54,20576.0,4229.0,4789.0,4645.0,28913.0,,,,,,,,,,,,,both
7228,2022,MEDTRONIC PLC,MDT,1613103.0,,,,,,,,,,,,,,,,,,,,,,,left_only
7343,2019,MICRON TECHNOLOGY INC,MU,723125.0,1677.0,48887.0,9780.0,7364.0,5.51,16042.0,5118.0,6313.0,3195.0,23406.0,,,,,,,,,,,,,both
7343,2022,MICRON TECHNOLOGY INC,MU,723125.0,2142.0,66283.0,12067.0,9744.0,7.75,21014.0,6663.0,8687.0,5130.0,30758.0,0.00%,0.15%,27.73%,35.58%,23.38%,32.32%,40.65%,30.99%,30.19%,37.60%,60.56%,31.41%,both
7906,2019,NIKE INC  -CL B,NKE,320187.0,2248.0,31342.0,1086.0,20441.0,1.6,16962.0,7367.0,2539.0,2749.0,37403.0,,,,,,,,,,,,,both
7906,2022,NIKE INC  -CL B,NKE,320187.0,,,,,,,,,,,,,,,,,,,,,,,left_only
7921,2019,NORDSON CORP,NDSN,72331.0,85.139,3516.447,64.244,891.349,5.79,1302.877,283.399,337.091,530.765,2194.226,,,,,,,,,,,,,both
7921,2022,NORDSON CORP,NDSN,72331.0,99.276,3820.375,51.428,1062.256,8.81,1528.022,383.398,513.103,537.313,2590.278,0.00%,0.15%,16.60%,8.64%,-19.95%,19.17%,52.16%,17.28%,35.29%,52.21%,1.23%,18.05%,both
7985,2019,NORTHROP GRUMMAN CORP,NOC,1133421.0,2226.0,41089.0,1264.0,25564.0,13.22,8277.0,783.0,2248.0,6660.0,33841.0,,,,,,,,,,,,,both
7985,2022,NORTHROP GRUMMAN CORP,NOC,1133421.0,2587.0,43755.0,1435.0,27786.0,31.47,8816.0,978.0,4896.0,8344.0,36602.0,0.00%,0.15%,16.22%,6.49%,13.53%,8.69%,138.05%,6.51%,24.90%,117.79%,25.29%,8.16%,both
8358,2019,PARKER-HANNIFIN CORP,PH,76334.0,1413.155,17576.69,195.089,10257.995,11.48,4062.329,1678.132,1512.364,2464.488,14320.324,,,,,,,,,,,,,both
8358,2022,PARKER-HANNIFIN CORP,PH,76334.0,1731.925,25943.943,230.044,11111.292,10.09,4750.316,2214.553,1315.605,2913.807,15861.608,0.00%,0.15%,22.56%,47.60%,17.92%,8.32%,-12.11%,16.94%,31.97%,-13.01%,18.23%,10.76%,both
8762,2019,PROCTER & GAMBLE CO,PG,80424.0,11260.0,115095.0,3347.0,31423.0,1.43,36261.0,5017.0,3897.0,4951.0,67684.0,,,,,,,,,,,,,both
8762,2022,PROCTER & GAMBLE CO,PG,80424.0,14882.0,117208.0,3156.0,39350.0,5.81,40837.0,6924.0,14742.0,5143.0,80187.0,0.00%,0.15%,32.17%,1.84%,-5.71%,25.23%,306.29%,12.62%,38.01%,278.29%,3.88%,18.47%,both
9203,2019,ROCKWELL AUTOMATION,ROK,1024478.0,694.6,6113.0,132.8,3642.5,5.83,3052.3,575.7,695.8,1178.7,6694.8,,,,,,,,,,,,,both
9203,2022,ROCKWELL AUTOMATION,ROK,1024478.0,1028.0,10758.7,141.1,4419.5,7.97,3340.9,1054.2,932.2,1736.7,7760.4,0.00%,0.15%,48.00%,76.00%,6.25%,21.33%,36.71%,9.46%,83.12%,33.98%,47.34%,15.92%,both
9777,2019,SMUCKER (JM) CO,SJM,91419.0,782.0,16970.4,269.3,4589.8,6.84,3211.2,895.3,779.5,551.4,7801.0,,,,,,,,,,,,,both
9777,2022,SMUCKER (JM) CO,SJM,91419.0,,,,,,,,,,,,,,,,,,,,,,,left_only
10793,2019,TYSON FOODS INC  -CL A,TSN,100493.0,1926.0,33097.0,1259.0,36214.0,5.52,6191.0,4108.0,2022.0,2173.0,42405.0,,,,,,,,,,,,,both
10793,2022,TYSON FOODS INC  -CL A,TSN,100493.0,2483.0,36821.0,1887.0,45713.0,8.92,7569.0,5514.0,3238.0,2577.0,53282.0,0.00%,0.15%,28.92%,11.25%,49.88%,26.23%,61.59%,22.26%,34.23%,60.14%,18.59%,25.65%,both
11060,2019,VF CORP,VFC,103379.0,407.021,11133.251,288.189,4393.686,1.57,6080.618,1293.912,679.449,1309.232,10474.304,,,,,,,,,,,,,both
11060,2022,VF CORP,VFC,103379.0,,,,,,,,,,,,,,,,,,,,,,,left_only
11259,2019,WALMART INC,WMT,104169.0,46973.0,236495.0,10705.0,383618.0,5.19,137808.0,44435.0,14881.0,6284.0,521426.0,,,,,,,,,,,,,both
11259,2022,WALMART INC,WMT,104169.0,53742.0,243197.0,16857.0,452776.0,4.27,155705.0,56576.0,11680.0,7933.0,608481.0,0.00%,0.15%,14.41%,2.83%,57.47%,18.03%,-17.73%,12.99%,27.32%,-21.51%,26.24%,16.70%,both
11264,2019,WALGREENS BOOTS ALLIANCE INC,WBA,1618921.0,14341.0,67598.0,1702.0,104644.0,4.31,32222.0,9333.0,3982.0,7226.0,136866.0,,,,,,,,,,,,,both
11264,2022,WALGREENS BOOTS ALLIANCE INC,WBA,1618921.0,11255.0,90124.0,1734.0,103252.0,5.01,29451.0,8354.0,4337.0,5017.0,132703.0,0.00%,0.15%,-21.52%,33.32%,1.88%,-1.33%,16.24%,-8.60%,-10.49%,8.92%,-30.57%,-3.04%,both
11399,2019,WESTERN DIGITAL CORP,WDC,106040.0,1898.0,26370.0,876.0,11013.0,-2.58,5556.0,3283.0,-754.0,1204.0,16569.0,,,,,,,,,,,,,both
11399,2022,WESTERN DIGITAL CORP,WDC,106040.0,2222.0,26259.0,1122.0,11697.0,4.75,7096.0,3638.0,1500.0,2804.0,18793.0,0.00%,0.15%,17.07%,-0.42%,28.08%,6.21%,-284.11%,27.72%,10.81%,-298.94%,132.89%,13.42%,both
11672,2019,TJX COS INC (THE),TJX,109198.0,2672.557,24145.003,1223.116,28978.477,2.67,12738.5,4872.592,3272.193,386.261,41716.977,,,,,,,,,,,,,both
11672,2022,TJX COS INC (THE),TJX,109198.0,3794.0,28349.0,1457.0,35262.0,2.97,14674.0,5819.0,3498.0,682.0,49936.0,0.00%,0.15%,41.96%,17.41%,19.12%,21.68%,11.24%,15.19%,19.42%,6.90%,76.56%,19.70%,both
12142,2019,ORACLE CORP,ORCL,1341439.0,637.0,115438.0,1564.0,6556.0,3.08,32512.0,211.0,10135.0,6329.0,39068.0,,,,,,,,,,,,,both
12142,2022,ORACLE CORP,ORCL,1341439.0,,,,,,,,,,,,,,,,,,,,,,,left_only
12540,2019,ADOBE INC,ADBE,796343.0,209.499,20762.4,394.479,1272.564,6.0,9898.733,0.0,2951.458,1534.809,11171.297,,,,,,,,,,,,,both
12540,2022,ADOBE INC,ADBE,796343.0,379.0,27165.0,442.0,1740.0,10.1,15866.0,0.0,4756.0,2065.0,17606.0,0.00%,0.15%,80.91%,30.84%,12.05%,36.73%,68.33%,60.28%,nan%,61.14%,34.54%,57.60%,both
13824,2019,FAIR ISAAC CORP,FICO,814547.0,23.118,1433.448,23.981,308.489,6.34,851.594,0.0,192.124,297.427,1160.083,,,,,,,,,,,,,both
13824,2022,FAIR ISAAC CORP,FICO,814547.0,17.273,1442.034,6.029,286.932,14.18,1090.338,0.0,373.541,322.41,1377.27,0.00%,0.15%,-25.28%,0.60%,-74.86%,-6.99%,123.66%,28.03%,nan%,94.43%,8.40%,18.72%,both
15414,2019,BIO-TECHNE CORP,TECH,842023.0,16.21,1884.41,25.411,187.744,2.47,526.262,91.05,96.072,137.466,714.006,,,,,,,,,,,,,both
15414,2022,BIO-TECHNE CORP,TECH,842023.0,33.865,2294.805,44.908,279.938,6.63,825.661,141.123,272.051,194.548,1105.599,0.00%,0.15%,108.91%,21.78%,76.73%,49.11%,168.42%,56.89%,55.00%,183.17%,41.52%,54.84%,both
15855,2019,GEN DIGITAL INC,GEN,849399.0,87.0,7735.0,89.0,241.0,0.9,2249.0,0.0,3887.0,199.0,2490.0,,,,,,,,,,,,,both
15855,2022,GEN DIGITAL INC,GEN,849399.0,,,,,,,,,,,,,,,,,,,,,,,left_only
16721,2019,ELECTRONIC ARTS INC,EA,712515.0,68.0,11112.0,140.0,1237.0,10.3,4300.0,0.0,3039.0,461.0,5537.0,,,,,,,,,,,,,both
16721,2022,ELECTRONIC ARTS INC,EA,712515.0,,,,,,,,,,,,,,,,,,,,,,,left_only
18043,2019,NEWS CORP,NWSA,1564708.0,411.0,15711.0,572.0,5622.0,0.26,4414.0,348.0,155.0,1593.0,10036.0,,,,,,,,,,,,,both
18043,2019,NEWS CORP,NWS,1564708.0,411.0,15711.0,572.0,5622.0,0.26,4414.0,348.0,155.0,1593.0,10036.0,,,,,,,,,,,,,both
18043,2022,NEWS CORP,NWSA,1564708.0,411.0,17221.0,499.0,5124.0,1.05,5261.0,311.0,623.0,1565.0,10385.0,0.00%,0.15%,0.00%,9.61%,-12.76%,-8.86%,303.85%,19.19%,-10.63%,301.94%,-1.76%,3.48%,both
18043,2022,NEWS CORP,NWS,1564708.0,411.0,17221.0,499.0,5124.0,1.05,5261.0,311.0,623.0,1565.0,10385.0,0.00%,0.15%,0.00%,9.61%,-12.76%,-8.86%,303.85%,19.19%,-10.63%,301.94%,-1.76%,3.48%,both
18699,2019,PTC INC,PTC,857005.0,42.442,2664.588,64.411,273.295,-0.23,982.336,0.0,-27.46,393.781,1255.631,,,,,,,,,,,,,both
18699,2022,PTC INC,PTC,857005.0,40.153,4687.268,19.496,333.256,2.65,1600.091,0.0,313.081,653.456,1933.347,0.00%,0.15%,-5.39%,75.91%,-69.73%,21.94%,-1252.17%,62.89%,nan%,-1240.13%,65.94%,53.97%,both
20228,2019,CATALENT INC,CTLT,1596783.0,255.8,6184.0,218.1,1484.3,0.9,1033.7,257.2,137.4,732.8,2518.0,,,,,,,,,,,,,both
20228,2022,CATALENT INC,CTLT,1596783.0,421.0,10507.0,660.0,2803.0,2.84,2025.0,702.0,519.0,1497.0,4828.0,0.00%,0.15%,64.58%,69.91%,202.61%,88.84%,215.56%,95.90%,172.94%,277.73%,104.28%,91.74%,both
20232,2019,KEYSIGHT TECHNOLOGIES INC,KEYS,1601046.0,253.0,6623.0,120.0,1463.0,3.25,2840.0,705.0,621.0,713.0,4303.0,,,,,,,,,,,,,both
20232,2022,KEYSIGHT TECHNOLOGIES INC,KEYS,1601046.0,348.0,8098.0,185.0,1750.0,6.18,3670.0,858.0,1124.0,954.0,5420.0,0.00%,0.15%,37.55%,22.27%,54.17%,19.62%,90.15%,29.23%,21.70%,81.00%,33.80%,25.96%,both
20779,2019,CISCO SYSTEMS INC,CSCO,858877.0,2059.0,97793.0,909.0,17609.0,2.61,34295.0,1383.0,11621.0,10965.0,51904.0,,,,,,,,,,,,,both
20779,2022,CISCO SYSTEMS INC,CSCO,858877.0,2281.0,94002.0,477.0,17753.0,2.82,33804.0,2568.0,11812.0,10597.0,51557.0,0.00%,0.15%,10.78%,-3.88%,-47.52%,0.82%,8.05%,-1.43%,85.68%,1.64%,-3.36%,-0.67%,both
20904,2019,HOLOGIC INC,HOLX,859737.0,186.5,6442.1,109.1,1199.6,-0.76,2167.7,444.9,-203.6,648.7,3367.3,,,,,,,,,,,,,both
20904,2022,HOLOGIC INC,HOLX,859737.0,197.7,9071.2,127.2,1462.9,5.13,3399.9,623.7,1302.0,617.6,4862.8,0.00%,0.15%,6.01%,40.81%,16.59%,21.95%,-775.00%,56.84%,40.19%,-739.49%,-4.79%,44.41%,both
24975,2019,SYNOPSYS INC,SNPS,883241.0,19.815,6405.16,198.129,590.055,3.45,2770.639,141.518,532.367,764.452,3360.694,,,,,,,,,,,,,both
24975,2022,SYNOPSYS INC,SNPS,883241.0,37.58,9418.087,136.589,886.389,6.29,4195.153,211.927,984.594,1056.589,5081.542,0.00%,0.15%,89.65%,47.04%,-31.06%,50.22%,82.32%,51.41%,49.75%,84.95%,38.22%,51.21%,both
25434,2019,STARBUCKS CORP,SBUX,829224.0,1189.7,19219.6,1806.6,19380.7,2.92,7127.9,1529.4,3599.2,1020.3,26508.6,,,,,,,,,,,,,both
25434,2022,STARBUCKS CORP,SBUX,829224.0,1441.4,27978.4,1841.3,24344.6,2.83,7905.7,2176.6,3281.6,1272.6,32250.3,0.00%,0.15%,21.16%,45.57%,1.92%,25.61%,-3.08%,10.91%,42.32%,-8.82%,24.73%,21.66%,both
26156,2019,HEWLETT PACKARD ENTERPRISE,HPE,1645590.0,5595.0,51803.0,2856.0,17367.0,0.77,11768.0,2387.0,1049.0,7688.0,29135.0,,,,,,,,,,,,,both
26156,2022,HEWLETT PACKARD ENTERPRISE,HPE,1645590.0,8717.0,57123.0,3122.0,16692.0,0.66,11804.0,5161.0,868.0,8623.0,28496.0,0.00%,0.15%,55.80%,10.27%,9.31%,-3.89%,-14.29%,0.31%,116.21%,-17.25%,12.16%,-2.19%,both
27965,2019,MICROCHIP TECHNOLOGY INC,MCHP,827054.0,246.8,17426.1,67.6,1851.0,2.23,3423.2,685.7,570.6,934.0,5274.2,,,,,,,,,,,,,both
27965,2022,MICROCHIP TECHNOLOGY INC,MCHP,827054.0,,,,,,,,,,,,,,,,,,,,,,,left_only
28790,2019,LAMB WESTON HOLDINGS INC,LW,1679273.0,244.4,4662.3,167.7,2672.4,2.49,1121.6,486.7,365.9,342.1,3794.0,,,,,,,,,,,,,both
28790,2022,LAMB WESTON HOLDINGS INC,LW,1679273.0,,,,,,,,,,,,,,,,,,,,,,,left_only
29028,2019,COSTCO WHOLESALE CORP,COST,909832.0,11679.0,45400.0,2998.0,131394.0,8.26,21309.0,11395.0,3659.0,1535.0,152703.0,,,,,,,,,,,,,both
29028,2022,COSTCO WHOLESALE CORP,COST,909832.0,17848.0,64166.0,3891.0,197482.0,13.14,29472.0,17907.0,5844.0,2241.0,226954.0,0.00%,0.15%,52.82%,41.33%,29.79%,50.30%,59.08%,38.31%,57.15%,59.72%,45.99%,48.62%,both
29830,2019,WESTROCK CO,WRK,1732845.0,1831.8,30156.7,1369.1,13432.9,3.33,4856.1,2107.5,862.9,2381.2,18289.0,,,,,,,,,,,,,both
29830,2022,WESTROCK CO,WRK,1732845.0,2252.1,28405.5,862.6,16177.6,3.61,5078.9,2317.1,944.6,2927.9,21256.5,0.00%,0.15%,22.94%,-5.81%,-37.00%,20.43%,8.41%,4.59%,9.95%,9.47%,22.96%,16.23%,both
31673,2019,AMERISOURCEBERGEN CORP,ABC,1140859.0,28385.074,39171.98,310.222,174543.941,4.04,5045.18,11060.254,855.365,12386.879,179589.121,,,,,,,,,,,,,both
31673,2022,AMERISOURCEBERGEN CORP,ABC,1140859.0,40192.89,56560.616,496.318,230248.393,8.04,8338.613,15556.394,1698.82,18625.243,238587.006,0.00%,0.15%,41.60%,44.39%,59.99%,31.91%,99.01%,65.28%,40.65%,98.61%,50.36%,32.85%,both
31887,2019,RESMED INC,RMD,943819.0,115.725,4107.682,68.71,994.13,2.8,1612.442,349.641,404.592,538.318,2606.572,,,,,,,,,,,,,both
31887,2022,RESMED INC,RMD,943819.0,159.245,5095.853,134.835,1426.966,5.3,2151.161,743.91,779.437,601.642,3578.127,0.00%,0.15%,37.61%,24.06%,96.24%,43.54%,89.29%,33.41%,112.76%,92.65%,11.76%,37.27%,both
61567,2019,ESTEE LAUDER COMPANIES INC,EL,1001250.0,1490.0,13156.0,744.0,2819.0,4.82,12047.0,2006.0,1785.0,1831.0,14866.0,,,,,,,,,,,,,both
61567,2022,ESTEE LAUDER COMPANIES INC,EL,1001250.0,1822.0,20910.0,1040.0,3598.0,6.55,14143.0,2920.0,2390.0,1629.0,17741.0,0.00%,0.15%,22.28%,58.94%,39.78%,27.63%,35.89%,17.40%,45.56%,33.89%,-11.03%,19.34%,both
61591,2019,NETAPP INC,NTAP,1002047.0,426.0,7522.0,124.0,1596.0,3.52,3816.0,145.0,819.0,973.0,5412.0,,,,,,,,,,,,,both
61591,2022,NETAPP INC,NTAP,1002047.0,,,,,,,,,,,,,,,,,,,,,,,left_only
63172,2019,FACTSET RESEARCH SYSTEMS INC,FDS,1013237.0,79.62,1560.13,59.37,602.946,9.08,832.405,0.0,352.79,146.309,1435.351,,,,,,,,,,,,,both
63172,2022,FACTSET RESEARCH SYSTEMS INC,FDS,1013237.0,108.395,4014.305,51.156,784.423,10.25,1059.469,0.0,396.917,204.102,1843.892,0.00%,0.15%,36.14%,157.31%,-13.84%,30.10%,12.89%,27.28%,nan%,12.51%,39.50%,28.46%,both
64630,2019,TAKE-TWO INTERACTIVE SFTWR,TTWO,946581.0,65.684,4948.832,53.384,1360.2,3.54,1728.77,19.108,404.459,674.18,3088.97,,,,,,,,,,,,,both
64630,2022,TAKE-TWO INTERACTIVE SFTWR,TTWO,946581.0,,,,,,,,,,,,,,,,,,,,,,,left_only
64853,2019,QORVO INC,QRVO,1604778.0,246.954,6560.682,164.104,1508.596,2.8,1730.545,517.198,334.325,387.588,3239.141,,,,,,,,,,,,,both
64853,2022,QORVO INC,QRVO,1604778.0,,,,,,,,,,,,,,,,,,,,,,,left_only
64891,2019,RALPH LAUREN CORP,RL,1037038.0,246.8,7279.9,270.3,2347.0,4.98,3812.8,736.2,384.3,415.4,6159.8,,,,,,,,,,,,,both
64891,2022,RALPH LAUREN CORP,RL,1037038.0,,,,,,,,,,,,,,,,,,,,,,,left_only
66065,2019,UNITED RENTALS INC,URI,1067701.0,454.0,18970.0,2350.0,3975.0,15.11,5376.0,120.0,1174.0,1530.0,9351.0,,,,,,,,,,,,,both
66065,2022,UNITED RENTALS INC,URI,1067701.0,1139.0,24183.0,3690.0,4766.0,29.65,6876.0,232.0,2105.0,2004.0,11642.0,0.00%,0.15%,150.88%,27.48%,57.02%,19.90%,96.23%,27.90%,93.33%,79.30%,30.98%,24.50%,both
100243,2019,AMCOR PLC,AMCR,1748790.0,2303.4,17165.0,332.2,7293.8,0.36,2164.4,1953.8,430.2,1864.3,9458.2,,,,,,,,,,,,,both
100243,2022,AMCOR PLC,AMCR,1748790.0,3073.0,17426.0,527.0,11146.0,0.53,3398.0,2439.0,805.0,1935.0,14544.0,0.00%,0.15%,33.41%,1.52%,58.64%,52.81%,47.22%,57.00%,24.83%,87.12%,3.79%,53.77%,both
117768,2019,NVIDIA CORP,NVDA,1045810.0,687.0,17315.0,489.0,3755.0,4.52,7163.0,979.0,2796.0,1657.0,10918.0,,,,,,,,,,,,,both
117768,2022,NVIDIA CORP,NVDA,1045810.0,1193.0,41182.0,1833.0,10075.0,1.74,16899.0,5159.0,4368.0,3827.0,26974.0,0.00%,0.15%,73.65%,137.84%,274.85%,168.31%,-61.50%,135.92%,426.97%,56.22%,130.96%,147.06%,both
121077,2019,F5 INC,FFIV,1048695.0,62.627,3390.275,103.542,297.404,7.08,1945.043,34.401,427.734,401.436,2242.447,,,,,,,,,,,,,both
121077,2022,F5 INC,FFIV,1048695.0,113.178,5276.194,33.624,457.076,5.27,2238.769,68.365,322.16,789.686,2695.845,0.00%,0.15%,80.72%,55.63%,-67.53%,53.69%,-25.56%,15.10%,98.73%,-24.68%,96.72%,20.22%,both
126554,2019,AGILENT TECHNOLOGIES INC,A,1090872.0,354.0,9452.0,155.0,2140.0,3.37,3023.0,679.0,1071.0,930.0,5163.0,,,,,,,,,,,,,both
126554,2022,AGILENT TECHNOLOGIES INC,A,1090872.0,580.0,10532.0,291.0,2883.0,4.18,3965.0,1038.0,1254.0,1405.0,6848.0,0.00%,0.15%,63.84%,11.43%,87.74%,34.72%,24.04%,31.16%,52.87%,17.09%,51.08%,32.64%,both
140541,2019,TAPESTRY INC,TPR,1116132.0,243.6,6877.3,274.2,1677.4,2.21,4349.7,778.3,643.4,353.9,6027.1,,,,,,,,,,,,,both
140541,2022,TAPESTRY INC,TPR,1116132.0,520.7,7265.3,93.9,1838.8,3.17,4845.7,994.2,856.3,469.5,6684.5,0.00%,0.15%,113.75%,5.64%,-65.75%,9.62%,43.44%,11.40%,27.74%,33.09%,32.66%,10.91%,both
143357,2019,ACCENTURE PLC,ACN,1467373.0,1646.641,29789.88,599.009,29282.379,7.36,13932.634,0.0,4779.112,8095.071,43215.013,,,,,,,,,,,,,both
143357,2022,ACCENTURE PLC,ACN,1467373.0,2559.485,47263.39,717.998,40862.121,10.71,20732.184,0.0,6877.169,11776.775,61594.305,0.00%,0.15%,55.44%,58.66%,19.86%,39.55%,45.52%,48.80%,nan%,43.90%,45.48%,42.53%,both
147579,2019,NETFLIX INC,NFLX,1065280.0,5087.908,33975.712,253.035,12336.634,4.13,7819.813,0.0,1866.916,979.068,20156.447,,,,,,,,,,,,,both
147579,2022,NETFLIX INC,NFLX,1065280.0,5151.663,48594.768,407.729,18831.603,9.95,12783.947,0.0,4491.924,988.898,31615.55,0.00%,0.15%,1.25%,43.03%,61.14%,52.65%,140.92%,63.48%,nan%,140.61%,1.00%,56.85%,both
148349,2019,TRANSDIGM GROUP INC,TDG,1260221.0,276.59,16254.731,101.591,2234.243,12.94,2988.96,1232.649,889.77,1111.7,5223.203,,,,,,,,,,,,,both
148349,2022,TRANSDIGM GROUP INC,TDG,1260221.0,279.0,18107.0,119.0,2206.0,13.38,3223.0,1332.0,866.0,1086.0,5429.0,0.00%,0.15%,0.87%,11.40%,17.14%,-1.26%,3.40%,7.83%,8.06%,-2.67%,-2.31%,3.94%,both
150937,2019,SEAGATE TECHNOLOGY HOLDINGS,STX,1137789.0,1420.0,8885.0,602.0,6940.0,7.06,3450.0,970.0,2012.0,989.0,10390.0,,,,,,,,,,,,,both
150937,2022,SEAGATE TECHNOLOGY HOLDINGS,STX,1137789.0,2058.0,8944.0,381.0,7751.0,7.36,3910.0,1565.0,1649.0,1532.0,11661.0,0.00%,0.15%,44.93%,0.66%,-36.71%,11.69%,4.25%,13.33%,61.34%,-18.04%,54.90%,12.23%,both
157855,2019,SALESFORCE INC,CRM,1108524.0,3376.0,55126.0,643.0,3685.0,0.15,13413.0,0.0,126.0,6623.0,17098.0,,,,,,,,,,,,,both
157855,2022,SALESFORCE INC,CRM,1108524.0,6486.0,98849.0,798.0,6373.0,0.21,24979.0,0.0,208.0,10755.0,31352.0,0.00%,0.15%,92.12%,79.31%,24.11%,72.94%,40.00%,86.23%,nan%,65.08%,62.39%,83.37%,both
176928,2019,BROADRIDGE FINANCIAL SOLUTNS,BR,1383312.0,133.7,3880.7,50.6,2959.4,4.06,1402.8,21.1,482.1,664.0,4362.2,,,,,,,,,,,,,both
176928,2022,BROADRIDGE FINANCIAL SOLUTNS,BR,1383312.0,244.9,8168.8,29.0,3784.3,4.55,1924.8,29.3,539.1,946.9,5709.1,0.00%,0.15%,83.17%,110.50%,-42.69%,27.87%,12.07%,37.21%,38.86%,11.82%,42.61%,30.88%,both
177267,2019,TE CONNECTIVITY LTD,TEL,1385157.0,1357.0,19694.0,749.0,8364.0,5.72,5084.0,1836.0,1844.0,2320.0,13448.0,,,,,,,,,,,,,both
177267,2022,TE CONNECTIVITY LTD,TEL,1385157.0,1593.0,20782.0,768.0,10236.0,7.47,6045.0,2676.0,2428.0,2865.0,16281.0,0.00%,0.15%,17.39%,5.52%,2.54%,22.38%,30.59%,18.90%,45.75%,31.67%,23.49%,21.07%,both
180711,2019,BROADCOM INC,AVGO,1730168.0,855.0,67493.0,432.0,6136.0,6.46,16461.0,874.0,2724.0,3259.0,22597.0,,,,,,,,,,,,,both
180711,2022,BROADCOM INC,AVGO,1730168.0,998.0,73249.0,424.0,7714.0,26.53,25489.0,1925.0,11495.0,2958.0,33203.0,0.00%,0.15%,16.73%,8.53%,-1.85%,25.72%,310.68%,54.84%,120.25%,321.99%,-9.24%,46.94%,both
